-- ============================================================
-- SQL学習コース — サンプルデータ投入
-- ============================================================
-- 使用方法: psql $DB_URL -f setup/seed.sql
-- 注意: 既存データは TRUNCATE で全消去されます
-- ============================================================

-- 依存関係の逆順でTRUNCATEして連番もリセット
TRUNCATE TABLE
    assignments,
    orders,
    api_logs,
    logins,
    user_preferences,
    inventory,
    employees,
    projects,
    products,
    departments
RESTART IDENTITY CASCADE;

-- ============================================================
-- departments — 部署 (6件)
-- ============================================================
INSERT INTO departments (id, name, location) VALUES
    (1, '開発部',             '東京'),
    (2, '営業部',             '大阪'),
    (3, '人事部',             '東京'),
    (4, '経理部',             '名古屋'),
    (5, 'マーケティング部',    '東京'),
    (6, '法務部',             '大阪');

-- 連番を挿入済みIDの最大値に合わせる
SELECT setval('departments_id_seq', MAX(id)) FROM departments;

-- ============================================================
-- employees — 従業員 (14件)
-- manager_id: 組織階層（第2回 再帰CTE で使用）
-- ============================================================
-- 組織階層:
--   L1: 山田太郎(1)
--   L2: 鈴木花子(2) 佐藤健(3) 田中誠(4) 渡辺一郎(6)
--       加藤由美(9) 西村恵子(14)
--   L3: 伊藤美咲(5,under2) 田村洋子(11,under2)
--       小林達也(8,under3) 松本浩二(12,under3)
--       中村さくら(7,under4)
--       吉田真一(10,under6) 上田明(13,under6)
INSERT INTO employees (id, name, email, department_id, salary, hire_date, manager_id) VALUES
    ( 1, '山田太郎',   'yamada@example.com',    1, 600000, '2020-04-01', NULL),
    ( 2, '鈴木花子',   'suzuki@example.com',    1, 500000, '2022-07-01', 1),
    ( 3, '佐藤健',     'sato@example.com',      2, 480000, '2021-01-15', 1),
    ( 4, '田中誠',     'tanaka@example.com',    3, 520000, '2024-03-01', 1),
    ( 5, '伊藤美咲',   'ito@example.com',       1, 450000, '2024-06-01', 2),
    ( 6, '渡辺一郎',   'watanabe@example.com',  5, 460000, '2023-09-01', 1),
    ( 7, '中村さくら', 'nakamura@example.com',  3, 390000, '2024-01-10', 4),
    ( 8, '小林達也',   'kobayashi@example.com', 2, 430000, '2022-11-01', 3),
    ( 9, '加藤由美',   'kato@example.com',      4, 550000, '2019-08-01', 1),
    (10, '吉田真一',   'yoshida@example.com',   5, 490000, '2024-05-01', 6),
    (11, '田村洋子',   'tamura@example.com',    1, 500000, '2023-04-01', 2),
    (12, '松本浩二',   'matsumoto@example.com', 2, 400000, '2023-10-01', 3),
    (13, '上田明',     'ueda@example.com',      5, 530000, '2024-08-01', 6),
    (14, '西村恵子',   'nishimura@example.com', NULL, 350000, '2023-06-01', 1);
-- ※ 西村恵子は部署未配属（department_id=NULL）→ NULLの挙動確認に使用

SELECT setval('employees_id_seq', MAX(id)) FROM employees;

-- ============================================================
-- projects — プロジェクト (5件)
-- ============================================================
-- 内部統制整備はアサインなし → LEFT JOINの動作確認に使用
INSERT INTO projects (id, name, budget, start_date, end_date) VALUES
    (1, '基幹システム刷新',     5000000, '2023-04-01', '2024-03-31'),
    (2, 'ECサイト構築',         2000000, '2024-01-01', '2024-12-31'),
    (3, '採用管理システム',      800000, '2024-04-01', '2024-09-30'),
    (4, 'ブランドリニューアル', 1500000, '2023-10-01', '2024-06-30'),
    (5, '内部統制整備',          600000, '2024-07-01', '2024-12-31');

SELECT setval('projects_id_seq', MAX(id)) FROM projects;

-- ============================================================
-- assignments — プロジェクトアサイン (12件)
-- ============================================================
INSERT INTO assignments (employee_id, project_id, role, assigned_date) VALUES
    ( 1, 1, 'Lead',    '2023-04-01'),   -- 山田太郎 → 基幹システム(Lead)
    ( 1, 2, 'Sponsor', '2024-01-01'),   -- 山田太郎 → ECサイト(Sponsor)
    ( 2, 1, 'Member',  '2023-04-15'),   -- 鈴木花子 → 基幹システム
    ( 2, 2, 'Lead',    '2024-01-01'),   -- 鈴木花子 → ECサイト(Lead)
    ( 3, 2, 'Member',  '2024-01-15'),   -- 佐藤健   → ECサイト
    ( 4, 3, 'Lead',    '2024-04-01'),   -- 田中誠   → 採用管理(Lead)
    ( 5, 2, 'Member',  '2024-02-01'),   -- 伊藤美咲 → ECサイト
    ( 6, 4, 'Lead',    '2023-10-01'),   -- 渡辺一郎 → ブランド(Lead)
    (10, 4, 'Member',  '2023-10-15'),   -- 吉田真一 → ブランド
    (11, 1, 'Member',  '2023-05-01'),   -- 田村洋子 → 基幹システム
    (11, 3, 'Member',  '2024-04-15'),   -- 田村洋子 → 採用管理
    (13, 4, 'Member',  '2023-11-01');   -- 上田明   → ブランド
-- アサインなし: 小林達也(8), 加藤由美(9), 松本浩二(12), 西村恵子(14)
-- ※ プロジェクト5(内部統制整備)はアサインなし

-- ============================================================
-- products — 商品 (8件、第5回用)
-- ============================================================
INSERT INTO products (id, name, category, price) VALUES
    (1, 'ノートPC',     '電子機器', 120000),
    (2, 'マウス',       '電子機器',   3000),
    (3, 'キーボード',   '電子機器',   8000),
    (4, 'モニター',     '電子機器',  45000),
    (5, 'デスクチェア', '家具',      60000),
    (6, 'デスク',       '家具',      80000),
    (7, 'ノート',       '文具',        500),
    (8, 'ボールペン',   '文具',        200);

SELECT setval('products_id_seq', MAX(id)) FROM products;

-- ============================================================
-- orders — 注文 (15件、第5回用)
-- user_id は employees.id を想定
-- ============================================================
INSERT INTO orders (id, user_id, product_id, quantity, amount, order_date) VALUES
    ( 1,  1, 1,  1, 120000, '2024-01-15'),
    ( 2,  2, 2,  3,   9000, '2024-01-20'),
    ( 3,  3, 4,  2,  90000, '2024-02-05'),
    ( 4,  1, 5,  1,  60000, '2024-02-10'),
    ( 5,  4, 3,  1,   8000, '2024-03-01'),
    ( 6,  5, 1,  2, 240000, '2024-03-15'),
    ( 7,  2, 7, 10,   5000, '2024-04-01'),
    ( 8,  6, 6,  1,  80000, '2024-04-20'),
    ( 9,  3, 2,  5,  15000, '2024-05-01'),
    (10,  1, 8, 20,   4000, '2024-05-15'),
    (11,  7, 4,  1,  45000, '2024-06-01'),
    (12,  4, 1,  1, 120000, '2024-06-10'),
    (13,  5, 5,  2, 120000, '2024-07-01'),
    (14,  2, 3,  2,  16000, '2024-07-15'),
    (15,  8, 1,  1, 120000, '2024-08-01');

SELECT setval('orders_id_seq', MAX(id)) FROM orders;

-- ============================================================
-- api_logs — APIアクセスログ (6件、第5回 問題3用)
-- ============================================================
INSERT INTO api_logs (id, endpoint, payload, created_at) VALUES
    (1, '/api/auth',    '{"user_id": 5, "action": "login",    "metadata": {"ip": "192.168.1.1", "device": "mobile"}}',       '2024-01-15 09:00:00+09'),
    (2, '/api/auth',    '{"user_id": 3, "action": "login",    "metadata": {"ip": "10.0.0.5",   "device": "desktop"}}',       '2024-01-15 09:05:00+09'),
    (3, '/api/orders',  '{"user_id": 3, "action": "purchase", "items": [{"sku": "A001", "qty": 2}, {"sku": "B010", "qty": 1}]}', '2024-01-15 10:00:00+09'),
    (4, '/api/orders',  '{"user_id": 5, "action": "purchase", "items": [{"sku": "C003", "qty": 1}]}',                        '2024-01-15 11:30:00+09'),
    (5, '/api/auth',    '{"user_id": 1, "action": "logout",   "metadata": {"ip": "192.168.1.2", "device": "mobile"}}',       '2024-01-15 18:00:00+09'),
    (6, '/api/profile', '{"user_id": 2, "action": "update",   "metadata": {"ip": "172.16.0.1",  "device": "desktop"}}',      '2024-01-15 14:00:00+09');

SELECT setval('api_logs_id_seq', MAX(id)) FROM api_logs;

-- ============================================================
-- logins — ログイン履歴 (第5回 問題9用)
-- ============================================================
INSERT INTO logins (user_id, login_date) VALUES
    -- ユーザー1: 5日連続(1/1-1/5), 3日連続(1/8-1/10) → 最長5日
    (1, '2024-01-01'), (1, '2024-01-02'), (1, '2024-01-03'), (1, '2024-01-04'), (1, '2024-01-05'),
    (1, '2024-01-08'), (1, '2024-01-09'), (1, '2024-01-10'),
    -- ユーザー2: 3日連続(1/1-1/3), 4日連続(1/6-1/9) → 最長4日
    (2, '2024-01-01'), (2, '2024-01-02'), (2, '2024-01-03'),
    (2, '2024-01-06'), (2, '2024-01-07'), (2, '2024-01-08'), (2, '2024-01-09'),
    -- ユーザー3: 2日連続(1/2-1/3), 1日(1/7) → 最長2日
    (3, '2024-01-02'), (3, '2024-01-03'),
    (3, '2024-01-07');

-- ============================================================
-- inventory — 在庫 (第5回 問題10用)
-- ============================================================
INSERT INTO inventory (product_id, stock) VALUES
    (1,  5),  -- ノートPC: 5台
    (2, 50),  -- マウス: 50個
    (3, 30),  -- キーボード: 30個
    (4, 10),  -- モニター: 10台
    (5,  8),  -- デスクチェア: 8脚
    (6,  3),  -- デスク: 3台
    (7, 200), -- ノート: 200冊
    (8, 500); -- ボールペン: 500本

-- ============================================================
-- 確認用クエリ（コメントアウト — 必要に応じて実行）
-- ============================================================
-- SELECT 'departments' AS tbl, COUNT(*) FROM departments
-- UNION ALL SELECT 'employees',  COUNT(*) FROM employees
-- UNION ALL SELECT 'projects',   COUNT(*) FROM projects
-- UNION ALL SELECT 'assignments',COUNT(*) FROM assignments
-- UNION ALL SELECT 'products',   COUNT(*) FROM products
-- UNION ALL SELECT 'orders',     COUNT(*) FROM orders
-- UNION ALL SELECT 'api_logs',   COUNT(*) FROM api_logs
-- UNION ALL SELECT 'logins',     COUNT(*) FROM logins
-- UNION ALL SELECT 'inventory',  COUNT(*) FROM inventory;
